name ,department,communication,problem
eg,Graduate Office,Chat,standardised input
-1bereagrwu,Graduate Office,Video,standardised input
sharkesha,Graduate Office,Audio,standardised input
3724876*&*$905785,Graduate Office,Chat,standardised input
ethoprymiohneonetigoetnigo  riniorneth rhrhtehrth,Graduate Office,Video,standardised input
ognuignetjgegregy8tghtghetghetgutgtgtgguhtguitehguiethguthgognuignetjgegregy8tghtghetghetgutgtgtgguhtguitehguiethguthgognuignetjgegregy8tghtghetghetgutgtgtgguhtguitehguiethguthg,Graduate Office,Audio,standardised input
iyg4iufrbguig wrifb befiyg4iufrbguig wrifb befiyg4iufrbguig wrifb befiyg4iufrbguig wrifb befiyg4iufrbguig wrifb befiyg4iufrbguig wrifb befiyg4iufrbguig wrifb befiyg4iufrbguig wrifb befiyg4iufrbguig wrifb befiyg4iufrbguig wrifb bef,Graduate Office,Chat,standardised input
iyg4iufrbguig wrifb befiyg4iufrbguig wrifb befiyg4iufrbguig wrifb befiyg4iufrbguig wrifb befiyg4iufrbguig wrifb befiyg4iufrbguig wrifb befiyg4iufrbguig wrifb befiyg4iufrbguig wrifb befiyg4iufrbguig wrifb befiyg4iufrbguig wrifb bef,Graduate Office,Chat,standardised input
iyg4iufrbguig wrifb befiyg4iufrbguig wrifb befiyg4iufrbguig wrifb befiyg4iufrbguig wrifb befiyg4iufrbguig wrifb befiyg4iufrbguig wrifb befiyg4iufrbguig wrifb befiyg4iufrbguig wrifb befiyg4iufrbguig wrifb befiyg4iufrbguig wrifb bef,Graduate Office,Chat,standardised input
iyg4iufrbguig wrifb befiyg4iufrbguig wrifb befiyg4iufrbguig wrifb befiyg4iufrbguig wrifb befiyg4iufrbguig wrifb befiyg4iufrbguig wrifb befiyg4iufrbguig wrifb befiyg4iufrbguig wrifb befiyg4iufrbguig wrifb befiyg4iufrbguig wrifb bef,Graduate Office,Chat,standardised input
iyg4iufrbguig wrifb befiyg4iufrbguig wrifb befiyg4iufrbguig wrifb befiyg4iufrbguig wrifb befiyg4iufrbguig wrifb befiyg4iufrbguig wrifb befiyg4iufrbguig wrifb befiyg4iufrbguig wrifb befiyg4iufrbguig wrifb befiyg4iufrbguig wrifb bef,Graduate Office,Chat,standardised input
