lastName,password,email,firstName
Ex,@NonExistent47, nonexistent@swaggy]G-,NNn
ExisEent,@NonExis,nonexistent@swaggy.co,
Existen,@No,nonexistent@swaggy.co, Noj
Existent,@NonExistento7, nonexisuent@swaggy]G_-, Nnn
Existe,@NonExistent47, nonexistent@swaggyG_-,No
sxistent,@NonExistent4n, nonexistent@swaggyYG_-,NoN
E, @nonExistenti,nonexisten, Nkn
Existent, @NonExiwtenti, none|istent@swaggy]G_-, Nol
Exittent,@NonExistent,nonexictent@swaggy.com, Nmn
Exis,nNonExistent47,nonexistent@sw,Non
 Eyistent, @NojExistenti,nonexistent@swsggy.com,non
 ExistenT,@, nonexistent@swagwy]G_-,Non
,@NonExistent47,nonexistant@swaggy.com,Noo
 ExiStent,@eonExistent47,nonnxistent@swaggy.com,No
Existett,@NonExist, nonexistant@swaggy]G_-,N
Exittent,@NonExistent4, nonexistent@swAggy]G_-,Non
,@NonExistent, nonexirtent@swaggy]G_-,N
Existe, @NonExistenTi,nonexistent@s, Oon
E, @Nonxistenti,nonexistent@swaggy.eom, No~
,, nonexistent@swaggy}G_-, N/n
 Axistent, @NonExiqtenti,nonexistent@3waggy]G_-,No
Existeit, @OonExistenti,nonexistent@swaggy.c,Non
nxistent, @NonExystenti, lonexistent@swaggy]G_-,No
Existent,@NonExistenn47, nonexkstent@swaggy]G_-, Nkn
ExisEent, @Nonxistenti,nonex, Nkn
E, @NmnExistenti,nonexi,No
 Epistent, @NonExistefti, nonexistent@swagwy]G_-,No
ExiEtent,@NonEnistent47,ionexistent@swaggy.com,No
Exixtent,@,nonexistent@swa,N
E, @OonExistenti, nonmxistent@swaggy]G_-,
 Existmnt,xNonExistent47," nonexistent@swaggy]G_,", Lon
Existent, @NonExistunti,nonexi@tent@swaggy.com,non
, @NonExirtenti,nonexistent@swaggy.cmm,NoN
Etistent,@NonE7istent47,nonexistent@swaggy.,N
Existen,@NonEx,nxnexistent@swaggy.com, Fon
Exis, @NonExiStenti,nonexistent,N
Existenn,@NonExsstent47, nonexistent@swaggy]G_), Lon
Existen, `NonExistenti, nonexisteft@swaggy]G_-,Non
 Exmstent, @NonExistmnti, nonexistentBswaggy]G_-,Non
 Existejt,@NonEnistent47, none|istent@swaggy]G_-, Nof
Existent,@Non7xistent47,nonexistent@swaggy.com,Nnn
 ExistEnt,@NonExiEtent47,nonexist, Fon
E,@NonExist,nonexistent@swaggyscom,NNn
Etistent,@NonExist,nonexistent@sweggy.com,
Existenx,@NonExisten,nonexistent@swaggy.nom, non
Existe,@Non@xistent47,nonexistent@ewaggy.com, Nn
 Gxistent,@NonE,n, No~
 Existeot, @NonExistenti, nonexistent@swaGgy]G_-,No
 Exisvent,@NooExistent47,nonexisten, Nkn
Existent,@NnnExistent47,nonexistent@swaggy.csm,Nnn
游냣,@NnnExistent48,nonexistent@swaggy.com,Nnn
Existent,游냣,nonexistent@swaggy.com,Nnn
Existent,@NnnExistent50,游냣,Nnn
Existent,@NnnExistent51,nonexistent@swaggy.com,游냣
嶝건늳,@NnnExistent52,nonexistent@swaggy.com,Nnn
Existent,嶝건늳,nonexistent@swaggy.com,Nnn
Existent,@NnnExistent54,嶝건늳,Nnn
Existent,@NnnExistent55,nonexistent@swaggy.com,嶝건늳